{"cameraMode":{"drawMode":0,"name":"Shaded","section":"Shading Mode"},"sceneLighting":true,"audioPlay":false,"sceneViewState":{"showFog":true,"showMaterialUpdate":false,"showSkybox":true,"showFlares":true,"showImageEffects":true,"showParticleSystems":true},"in2DMode":false,"pivot":{"x":-221.27206420898438,"y":-155.34036254882813,"z":144.3624267578125},"rotation":{"x":-0.24951200187206269,"y":0.4597201943397522,"z":-0.13634070754051209,"w":-0.8413168787956238},"size":344.828369140625,"orthographic":false}