{"cameraMode":{"drawMode":0,"name":"Shaded","section":"Shading Mode"},"sceneLighting":true,"audioPlay":false,"sceneViewState":{"showFog":true,"showMaterialUpdate":false,"showSkybox":true,"showFlares":true,"showImageEffects":true,"showParticleSystems":true},"in2DMode":false,"pivot":{"x":-2.102931499481201,"y":-0.9179191589355469,"z":3.46120548248291},"rotation":{"x":-0.09991276264190674,"y":0.8682813048362732,"z":-0.19490273296833039,"w":-0.4451054334640503},"size":9.486615180969239,"orthographic":false}